t,lower1,upper1,lower2,upper2,mean,rep9
0,0,0,0,0,0,0
1,0,0,0,0,0,0
2,0,0,0,0,0,0
3,0,0,0,0,0,0
4,0,0,0,0,0,0
5,0,0,0,0,0,0
6,0,0,0,0,0,0
7,0,0,0,0,0,0
8,0,0,0,0,0,0
9,0,0,0,0,0,0
10,0,0,0,0,0,0
11,0,0,0,0,0,0
12,0,0,0,0,0,0
13,0,0,0,0,0,0
14,0,0,0,0,0,0
15,0,0,0,0,0,0
16,0,0,0,0,0,0
17,0,0,0,0,0,0
18,0,0,0,0,0,0
19,0,0,0,0,0,0
20,0,0,0,0,0,0
21,0,0,0,0,0,0
22,0,0,0,0,0,0
23,0,0,0,0,0,0
24,0,0,0,0,0,0
25,0,0,0,0,0,0
26,0,0,0,0,0,0
27,0,0,0,0,0,0
28,0,0,0,0,0,0
29,0,0,0,0,0,0
30,0,0,0,0,0,0
31,0,0,0,0,0,0
32,0,0,0,0,0,0
33,0,0,0,0,0,0
34,0,0,0,0,0,0
35,0,0,0,0,0,0
36,0,0,0,0,0,0
37,0,0,0,0,0,0
38,0,0,0,0,0,0
39,0,0,0,0,0,0
40,0,0,0,0,0,0
41,0,0,0,0,0,0
42,0,0,0,0,0,0
43,0,0,0,0,0,0
44,0,0,0,0,0,0
45,0,0,0,0,0,0
46,0,0,0,0,0,0
47,0,0,0,0,0,0
48,0,0,0,0,0,0
49,0,0,0,0,0,0
50,0,0,0,0,0,0
51,0,0,0,0,0,0
52,0,0,0,0,0,0
53,0,0,0,0,0,0
54,0,0,0,0,0,0
55,0,0,0,0,0,0
56,0,0,0,0,0,0
57,0,0,0,0,0,0
58,0,0,0,0,0,0
59,0,0,0,0,0,0
60,0,0,0,0,0,0
61,0,0,0,0,0,0
62,0,0,0,0,0,0
63,0,0,0,0,0,0
64,0,0,0,0,0,0
65,0,0,0,0,0,0
66,0,0,0,0,0,0
67,0,0,0,0,0,0
68,0,0,0,0,0,0
69,0,0,0,0,0,0
70,0,0,0,1,0.01350763875742,0
71,0,1,0,1,0.09973544973545,0
72,0,1,0,1,0.153159027909247,1
73,0,1,0,2,0.212962962962964,1
74,0,1,0,2,0.212962962962964,1
75,0,1,0,2,0.213734567901235,1
76,0,2,0,3,0.25407848324515,1
77,0,2,0,4,0.486160470992489,1
78,0,2,0,5,0.72502204585538,1
79,1,2,0,5,0.842261904761904,2
80,1,2,0,5,1.15320959021003,2
81,1,2,1,5,1.20649585432743,2
82,1,2,1,5,1.16240414356906,2
83,1,3,1,5,1.29438357504893,2
84,1,3,1,6,1.62066223466093,3
85,1,4,1,6,1.92139238197373,3
86,2,4,1,7,2.24055023029823,3
87,2,5,1,11,2.46301759101493,4
88,2,5,1,12,2.78905901438838,6
89,2,6,1,15,3.16235764701946,6
90,3,7,2,20,2.89185379909741,6
91,3,10,2,23,4.25348754014763,6
92,4,13,2,29,5.81820123036088,6
93,4,16,2,36,7.72828649336393,7
94,5,21,2,44,8.39709303966826,9
95,5,27,2,60,10.6765254590189,12
96,6,36,3,74,12.1557429172329,15
97,7,42,3,103,15.1856124171862,19
98,9,52,3,122,17.8050673979718,22
99,11,66,4,159,21.3725694023042,23
100,13,79,5,202,25.1732712624181,25
101,15,94,5,241,29.8458569839141,28
102,16,123,7,299,36.4165235135727,30
103,20,155,9,381,44.7439384798164,32
104,24,196,9,478,54.4636992392451,36
105,30,243,10,582,65.0402067181599,44
106,34,307,15,732,80.9110005791707,54
107,40,378,17,891,94.0550212475412,67
108,47,443,19,1081,115.042549383408,82
109,53,546,25,1323,138.566421934976,98
110,61,666,30,1627,164.582901871518,117
111,74,804,34,2006,200.701988816887,136
112,88,988,40,2458,245.270087630202,170
113,106,1201,47,2932,278.760622248008,203
114,122,1465,53,3397,333.517068978968,252
115,142,1773,69,3894,401.838498787967,296
116,162,2130,82,4438,471.508399334452,352
117,186,2571,96,5023,551.952439034917,433
118,223,3044,117,5676,648.666889025083,539
119,263,3553,136,6419,766.229470628586,663
120,309,4181,161,7224,915.914795181977,781
121,359,4876,195,8029,1094.90946140054,928
122,429,5637,227,8912,1289.9339622738,1100
123,515,6425,269,9739,1519.6160582386,1289
124,605,7281,329,10636,1777.74656847885,1497
125,705,8155,393,11498,2066.10502672522,1743
126,821,9055,464,12472,2410.68736782317,2000
127,951,9927,551,13423,2768.78683096272,2341
128,1110,10815,640,14255,3151.53343763549,2644
129,1277,11627,747,15171,3583.75158585416,2996
130,1476,12406,870,16163,4076.93134835801,3386
131,1682,13146,1005,17148,4586.93221348809,3790
132,1913,13905,1169,18079,5122.57201435758,4185
133,2146,14647,1343,19035,5702.72295998888,4618
134,2410,15340,1549,20028,6301.73073519248,5081
135,2693,15980,1780,21140,6902.91938817422,5531
136,2995,16573,2027,22199,7526.85438720057,6012
137,3306,17198,2294,23203,8129.735992546,6440
138,3647,17764,2576,24310,8746.75297059555,6885
139,3989,18287,2892,25413,9364.61457198594,7363
140,4349,18819,3228,26460,9981.1764873163,7772
141,4708,19379,3595,27405,10588.7710168989,8189
142,5056,19914,3983,28471,11191.218448648,8593
143,5427,20412,4371,29547,11768.8473339049,9022
144,5792,20901,4790,30617,12341.1150195501,9430
145,6163,21345,5208,31598,12888.5219081393,9830
146,6539,21777,5612,32473,13448.8333139849,10202
147,6931,22235,5988,33239,13971.8718959,10555
148,7330,22641,6320,34260,14490.5668614988,10909
149,7728,22986,6635,35351,15004.9869338091,11283
150,8124,23336,6920,36336,15515.1012764823,11638
151,8503,23679,7233,37308,16003.3503960896,11935
152,8874,24007,7469,38252,16479.6125834066,12216
153,9242,24364,7717,39176,16944.3968036943,12541
154,9593,24750,7942,40164,17408.4252408447,12851
155,9974,25163,8177,41030,17871.1713634853,13133
156,10338,25563,8407,41804,18327.4648063626,13422
157,10655,25959,8580,42706,18760.0234452217,13709
158,10993,26324,8786,43536,19178.3236127054,13962
159,11327,26752,8969,44337,19593.4566222954,14206
160,11654,27232,9127,45262,20005.0011136745,14437
161,11947,27605,9313,46322,20410.5593381696,14706
162,12275,28025,9476,47050,20803.9350372997,14928
163,12553,28577,9629,47884,21175.7341337228,15168
164,12838,29104,9783,48601,21542.5400263601,15383
165,13100,29512,9914,49286,21918.773037401,15627
166,13327,29944,10053,49940,22262.9217101454,15826
167,13561,30346,10173,50583,22613.5709906115,16022
168,13805,30830,10292,51246,22956.8898967957,16226
169,14054,31197,10402,51892,23306.0636997697,16446
170,14275,31654,10518,52522,23632.4375441973,16627
171,14509,32019,10639,53263,23960.1253514337,16816
172,14716,32411,10733,53935,24288.4961577621,16984
173,14913,32787,10817,54642,24588.4187217832,17143
174,15101,33139,10920,55320,24887.7219462581,17310
175,15257,33551,11018,55997,25194.3039004431,17467
176,15441,33916,11105,56660,25487.0772468734,17595
177,15613,34250,11187,57262,25765.265699625,17745
178,15764,34451,11255,57801,26056.9935394084,17885
179,15946,34810,11347,58334,26339.5413280151,18022
180,16074,35183,11429,58850,26614.6040648019,18159
181,16274,35509,11508,59342,26876.9321285617,18313
182,16440,35933,11582,59886,27132.2947220063,18436
183,16564,36212,11637,60409,27396.9609054576,18560
184,16695,36507,11718,61010,27655.2732958196,18683
185,16827,36819,11776,61555,27896.0500563882,18799
186,16959,37208,11858,62085,28146.6634744602,18931
187,17062,37538,11901,62507,28379.7334199407,19049
188,17177,37916,11961,63115,28611.0199995076,19164
189,17320,38245,12006,64139,28835.9299901427,19293
190,17400,38573,12046,64626,29059.7209617175,19406
191,17528,38838,12111,65098,29276.2952170975,19512
192,17662,39175,12173,65897,29494.5912915664,19621
193,17768,39505,12227,66412,29699.2767496104,19709
194,17874,39836,12271,67101,29903.6535529231,19810
195,18007,40225,12317,67440,30103.7713526371,19914
196,18098,40576,12375,67904,30297.9948558888,20004
197,18167,40790,12422,68449,30489.2093841674,20115
198,18280,41086,12473,68929,30690.0860074157,20198
199,18367,41421,12510,69386,30877.5931179207,20285
200,18432,41758,12555,69819,31065.0337375269,20371
201,18552,42114,12587,70301,31242.9872271348,20453
202,18688,42379,12616,70670,31428.1798267016,20521
203,18761,42542,12646,71404,31596.2360248825,20606
204,18834,42807,12679,71729,31769.0336787721,20691
205,18910,43102,12721,72078,31939.6031026306,20748
206,19028,43447,12770,72391,32105.8250657863,20813
207,19123,43672,12798,72714,32265.6589876617,20880
208,19276,43902,12837,73018,32423.4110128976,20949
209,19374,44081,12878,73531,32582.7092814824,21011
210,19485,44287,12910,73720,32741.2919922724,21086
211,19613,44598,12959,74097,32895.535569013,21142
212,19698,44891,13013,74424,33031.4535450593,21213
213,19772,45131,13043,74785,33173.7729635436,21265
214,19879,45386,13073,75158,33314.0215208802,21323
215,19952,45567,13128,75467,33455.3924030399,21393
216,20070,45758,13165,75784,33593.9691195356,21447
217,20141,45958,13202,76094,33729.4403392478,21495
218,20219,46276,13236,76256,33868.3533748723,21548
219,20324,46499,13330,76623,33997.532834584,21594
220,20391,46677,13373,76897,34131.6564411573,21635
221,20467,46889,13407,77183,34253.9084771242,21687
222,20534,47053,13435,77407,34380.4862079083,21735
223,20580,47228,13460,77596,34497.0988074981,21775
224,20641,47426,13488,77776,34621.7689768946,21813
225,20684,47601,13510,78258,34741.6647188599,21838
226,20740,47843,13538,78760,34853.7168640971,21885
227,20813,48126,13558,78905,34967.6539048481,21922
228,20874,48355,13584,79098,35075.927962419,21960
229,20926,48631,13657,79601,35187.7109321412,21985
230,20986,48871,13686,80018,35289.6665610348,22015
231,21024,49051,13782,80199,35397.7814069195,22045
232,21068,49284,13885,80462,35506.3154051944,22069
233,21098,49411,13922,80798,35616.8541923689,22100
234,21135,49583,13959,81153,35712.4588152789,22140
235,21197,49763,14017,81487,35821.9140934189,22178
236,21262,49913,14091,81994,35934.1025736741,22203
237,21333,50112,14202,82348,36043.8204872178,22236
238,21397,50211,14289,82769,36152.4684359411,22269
239,21441,50442,14390,83064,36263.185123236,22294
240,21519,50688,14537,83666,36374.8935828965,22331
241,21599,50757,14646,83926,36484.1943237395,22353
242,21721,51015,14770,84049,36596.1054902062,22375
243,21799,51229,14848,84427,36702.3109559615,22396
244,21869,51357,14968,84797,36814.7231449566,22425
245,21961,51592,15050,85002,36928.4245326652,22458
246,22078,51743,15158,85215,37040.8623487899,22484
247,22214,51817,15304,85721,37149.1511186129,22513
248,22360,51972,15404,86177,37260.4672076631,22543
249,22452,52146,15540,86258,37375.9933249013,22567
250,22543,52246,15652,86341,37485.4471447534,22584
251,22661,52348,15742,86433,37596.5807780761,22608
252,22831,52432,15851,86895,37710.8517989604,22636
253,22906,52534,15980,87080,37819.9495988927,22670
254,22989,52642,16092,87312,37932.3934321146,22721
255,23145,52756,16216,87556,38042.6406796222,22760
256,23224,52828,16321,87722,38150.6711095561,22806
257,23305,52967,16430,88020,38251.1041460599,22839
258,23437,53093,16552,88154,38357.5479615607,22881
259,23548,53303,16681,88399,38453.9015636872,22936
260,23656,53454,16809,88656,38550.6637874242,22994
261,23792,53618,16909,88799,38647.0521596901,23052
262,23923,53713,17021,88953,38741.2333071226,23116
263,24010,53843,17178,89068,38836.3280930457,23195
264,24124,53958,17259,89260,38932.2985677595,23278
265,24213,54156,17343,89445,39029.3579908327,23343
266,24295,54307,17439,89669,39120.1235790615,23432
267,24363,54414,17536,89951,39215.1526279993,23525
268,24417,54581,17655,90181,39305.2097599645,23630
269,24463,54749,17744,90548,39393.7676935974,23756
270,24513,54905,17818,90799,39479.0606990239,23860
271,24593,54936,17875,90972,39568.5215330402,23983
272,24687,55036,17949,91184,39659.9364644317,24113
273,24807,55250,18029,91382,39753.3387845143,24233
274,24912,55382,18102,91547,39848.6248761573,24373
275,25005,55567,18145,91731,39941.6391075904,24527
276,25089,55673,18213,91898,40035.112422055,24678
277,25133,55700,18310,92052,40129.3475571703,24848
278,25174,55783,18417,92180,40224.1062263372,24995
279,25287,55932,18509,92200,40319.2716898085,25144
280,25410,56052,18591,92226,40416.2993295966,25281
281,25457,56191,18657,92338,40509.0032987693,25402
282,25525,56257,18718,92528,40599.5167821489,25540
283,25577,56332,18757,92661,40689.3733503389,25641
284,25676,56588,18793,92705,40779.148844373,25753
285,25731,56644,18830,92747,40867.6640441784,25853
286,25813,56698,18934,92821,40960.8410956535,25958
287,25854,56889,18954,92902,41055.0961778544,26086
288,25950,56922,19038,93113,41147.6804308049,26192
289,26018,57102,19158,93423,41238.9773770965,26283
290,26056,57149,19252,93729,41338.8113935276,26363
291,26137,57388,19308,94011,41440.7165756579,26442
292,26204,57448,19343,94153,41542.0690026497,26539
293,26282,57565,19392,94271,41650.9266681633,26623
294,26337,57725,19418,94373,41761.7439504635,26692
295,26395,57865,19465,94512,41874.8226979137,26776
296,26460,58040,19523,94688,41997.7881517615,26853
297,26543,58096,19579,94824,42118.6542932758,26929
298,26639,58288,19642,94971,42246.7303349146,27015
299,26688,58440,19682,95081,42377.6515234092,27090
300,26728,58574,19755,95220,42510.6969450833,27156
301,26835,58705,19835,95330,42638.0414464294,27238
302,26935,58829,19853,95436,42765.7570410368,27293
303,27033,59036,19912,95566,42898.4719598988,27348
304,27133,59214,19963,95642,43026.9309606673,27417
305,27187,59490,20094,95673,43153.9542553466,27497
306,27260,59751,20177,95759,43273.1327959993,27561
307,27386,59817,20255,95924,43384.8825335628,27632
308,27468,59960,20300,95993,43488.4615282526,27695
309,27538,60164,20347,96012,43588.073578334,27743
310,27632,60367,20369,96067,43682.326488622,27808
311,27687,60509,20389,96206,43768.9053959336,27868
312,27742,60605,20418,96349,43855.8752679482,27926
313,27874,60746,20482,96472,43935.22521646,27976
314,27962,60904,20531,96600,44003.0949449753,28032
315,28063,61059,20568,96717,44067.8626654971,28087
316,28135,61229,20601,96841,44120.103971614,28144
317,28273,61390,20635,96973,44165.5592549319,28196
318,28357,61443,20703,97072,44213.0409357741,28241
319,28444,61524,20768,97098,44259.5494693628,28289
320,28600,61691,20810,97155,44316.1453063425,28338
321,28704,61721,20881,97292,44359.9318383719,28382
322,28802,61750,20922,97427,44428.8560800913,28418
323,28921,61889,20979,97455,44498.8854929814,28473
324,29040,62027,21134,97550,44572.6063795087,28524
325,29177,62118,21161,97595,44634.6941105152,28570
326,29275,62274,21216,97650,44704.1231208623,28626
327,29390,62354,21350,97703,44781.3286610808,28661
328,29477,62474,21418,97764,44871.4424535218,28697
329,29558,62502,21488,97825,44964.3180581448,28743
330,29663,62661,21541,98020,45063.0729689921,28785
331,29771,62749,21590,98082,45158.9401123807,28816
332,29877,62784,21706,98138,45259.2262804251,28843
333,29961,62890,21783,98205,45355.7768286164,28884
334,30105,62974,21852,98246,45472.0152452768,28923
335,30222,63071,21922,98312,45588.5164810535,28951
336,30338,63123,22020,98360,45698.1622104026,28991
337,30401,63243,22130,98429,45811.2457387908,29020
338,30467,63286,22222,98690,45911.3397871536,29042
339,30616,63335,22314,98776,46007.013456374,29081
340,30702,63467,22390,98807,46122.4487614189,29117
341,30790,63539,22431,98905,46222.7932440491,29157
342,30928,63572,22512,98932,46324.9912852497,29189
343,31080,63661,22624,98981,46423.9255894411,29208
344,31170,63712,22692,99199,46531.4271337986,29232
345,31243,63753,22754,99407,46639.4897820357,29263
346,31338,63846,22826,99453,46739.1678259586,29282
347,31404,63929,22878,99509,46831.8104940824,29305
348,31533,63988,22941,99540,46922.0394836054,29336
349,31615,64017,22991,99569,47022.1458556573,29361
350,31711,64150,23045,99631,47120.3342824438,29380
351,31786,64322,23118,99869,47226.655503433,29408
352,31863,64406,23195,99895,47319.8630349161,29442
353,31942,64498,23230,99925,47424.1275706475,29462
354,32021,64586,23291,99960,47528.1454515766,29492
355,32100,64802,23335,99990,47635.1054813821,29525
356,32168,64887,23414,100024,47739.7221198216,29557
357,32245,65037,23497,100044,47836.1952182143,29588
358,32341,65220,23589,100082,47939.3556238338,29620
359,32457,65251,23648,100107,48044.2955531676,29656
360,32537,65369,23777,100126,48150.4607986936,29699
361,32638,65517,23909,100182,48252.458045638,29742
362,32734,65633,24007,100246,48359.702398683,29782
363,32841,65759,24114,100305,48459.1631844277,29843
364,32943,65815,24195,100380,48567.1106828103,29902
365,33112,65917,24259,100449,48669.0973361219,29976
366,33237,66017,24337,100514,48771.4983737694,30059
367,33339,66163,24474,100590,48877.8844611812,30145
368,33432,66286,24514,100656,48984.6343139784,30228
369,33488,66373,24620,100730,49093.5884508889,30328
370,33577,66510,24718,100813,49200.4958856617,30426
371,33674,66651,24814,100892,49311.8376551964,30541
372,33755,66738,24902,100968,49416.2401792686,30681
373,33840,66857,24982,101038,49515.6457011463,30847
374,33932,66953,25080,101159,49613.1918094133,31024
375,33969,66972,25184,101337,49708.2192735357,31208
376,34041,67009,25234,101504,49804.8779199184,31387
377,34101,67108,25311,101700,49902.6578283039,31576
378,34206,67235,25405,101890,50005.0064417608,31800
379,34292,67362,25455,102070,50106.0726264693,31992
380,34407,67423,25491,102215,50203.9464495887,32221
381,34452,67488,25566,102255,50297.1466631292,32473
382,34519,67618,25665,102292,50392.4064107762,32703
383,34592,67741,25728,102335,50484.1652053452,32924
384,34657,67808,25783,102378,50571.4573076366,33147
385,34728,67847,25845,102404,50667.0895888245,33365
386,34791,67935,25912,102441,50757.6206843768,33595
387,34850,68009,25961,102498,50852.1994619771,33802
388,34915,68195,26012,102541,50942.6637501072,33989
389,34981,68384,26081,102674,51033.0675716579,34188
390,35036,68485,26191,102836,51121.7421010257,34370
391,35115,68666,26318,102889,51211.2598936843,34552
392,35182,68777,26367,102951,51306.8367720856,34724
393,35260,68909,26439,103003,51390.5735234934,34914
394,35332,69073,26528,103078,51478.0920040324,35070
395,35405,69166,26630,103237,51564.6587961482,35218
396,35502,69245,26729,103431,51659.1967113035,35377
397,35615,69332,26784,103587,51752.9610711195,35517
398,35706,69429,26829,103730,51850.4663358347,35654
399,35793,69580,26870,103879,51951.7895673322,35795
400,35835,69710,26942,104030,52049.7729081526,35915
401,35959,69823,26986,104121,52154.7116463881,36043
402,36037,69986,27050,104168,52264.295699988,36175
403,36136,70119,27096,104211,52369.7268463626,36322
404,36240,70269,27113,104244,52483.7156977584,36460
405,36323,70358,27132,104397,52588.6219595942,36553
406,36369,70455,27167,104494,52701.6929618638,36655
407,36443,70604,27198,104529,52817.4953169523,36741
408,36565,70724,27223,104581,52935.0758819923,36842
409,36711,70808,27263,104631,53049.3785589354,36954
410,36778,70905,27289,104673,53173.387277698,37042
411,36857,71005,27319,104722,53293.632994496,37128
412,36924,71074,27374,104763,53419.4833178676,37201
413,37040,71165,27426,104824,53545.0037513802,37279
414,37215,71306,27464,104886,53669.4007268354,37373
415,37294,71387,27536,104936,53797.4810577399,37448
416,37418,71462,27632,104969,53918.1170124211,37516
417,37483,71636,27748,104999,54043.445136134,37583
418,37585,71701,27866,105025,54157.3783640353,37648
419,37633,71739,27914,105049,54277.5671058781,37713
420,37677,71880,27980,105070,54394.243579185,37777
421,37728,71953,28106,105093,54507.9437710675,37842
422,37833,72013,28170,105109,54616.6731708561,37894
423,37902,72102,28209,105124,54718.9131952199,37949
424,38005,72145,28346,105136,54826.7239249536,37996
425,38097,72293,28480,105147,54916.2418612242,38053
426,38170,72371,28509,105167,55007.9639800918,38102
427,38281,72448,28585,105288,55093.4539048235,38146
428,38380,72491,28615,105452,55171.8112378791,38177
429,38458,72632,28703,105503,55253.4418598417,38216
430,38587,72717,28783,105531,55330.8249814195,38267
431,38692,72790,28859,105707,55400.165530767,38316
432,38807,72864,28992,105915,55468.7867863308,38356
433,38873,72944,29088,106115,55541.1690300784,38386
434,38940,72983,29193,106282,55606.1389086351,38422
435,39015,73078,29259,106460,55668.0503274493,38454
436,39131,73159,29346,106579,55723.2939105823,38487
437,39256,73229,29418,106710,55765.879087572,38520
438,39358,73300,29521,106847,55818.8387300535,38561
439,39465,73370,29611,106960,55864.1328032872,38598
440,39549,73433,29712,107081,55922.8703544879,38628
441,39617,73502,29781,107199,55977.9933688797,38662
442,39701,73687,29815,107250,56037.1492716166,38688
443,39771,73750,29871,107296,56102.4426297078,38715
444,39822,73830,29926,107328,56167.2051933659,38742
445,39898,73899,29995,107371,56235.9786791511,38772
446,39959,74045,30100,107404,56309.1456626815,38797
447,40058,74139,30127,107438,56383.180170553,38822
448,40126,74214,30163,107475,56468.7682297647,38841
449,40170,74286,30189,107503,56558.5105656066,38859
450,40229,74307,30241,107542,56647.2820990483,38883
451,40327,74345,30310,107576,56733.0466754143,38909
452,40405,74364,30392,107627,56825.0497758948,38934
453,40458,74466,30469,107653,56911.2435792823,38960
454,40529,74536,30527,107688,57002.1686084423,38986
455,40575,74615,30646,107717,57094.6114553398,39004
456,40608,74714,30679,107750,57187.1516611475,39033
457,40662,74750,30748,107777,57270.8133562437,39067
458,40748,74809,30836,107819,57364.283044462,39093
459,40834,74844,30883,107845,57460.6798756639,39121
460,40887,74922,30921,107923,57552.4502535166,39149
461,40973,74958,31013,108023,57641.2513523828,39173
462,41039,75030,31079,108144,57728.1310726161,39206
463,41125,75179,31118,108266,57817.8445747168,39258
464,41236,75213,31201,108373,57907.6828033437,39304
465,41330,75344,31305,108495,57993.072945972,39354
466,41414,75446,31358,108619,58082.1539160844,39414
467,41468,75574,31387,108706,58176.1290167817,39480
468,41572,75655,31455,108758,58266.1228008061,39559
469,41619,75818,31488,108793,58345.7752610098,39637
470,41666,75914,31524,108850,58435.6543995346,39725
471,41726,76064,31597,108927,58519.0153275948,39825
472,41805,76105,31674,109030,58598.7726206694,39918
473,41887,76275,31757,109126,58684.6466558321,40035
474,41989,76367,31825,109225,58768.6269620286,40156
475,42049,76570,31883,109324,58849.4835489511,40279
476,42146,76726,31973,109398,58923.3503079478,40416
477,42223,76818,32071,109476,59004.0652474008,40541
478,42330,76907,32151,109549,59078.2687885706,40680
479,42480,77017,32203,109646,59159.1408124832,40846
480,42609,77167,32244,109748,59241.2191857846,41016
481,42672,77287,32287,109843,59324.7115833929,41188
482,42732,77379,32318,109961,59407.7299993142,41372
483,42787,77411,32349,110028,59491.4619534738,41552
484,42867,77523,32384,110055,59578.5012896007,41735
485,42922,77725,32420,110071,59662.494596733,41897
486,43005,77862,32455,110107,59749.5635320381,42068
487,43155,77998,32506,110137,59839.4371410963,42246
488,43246,78161,32549,110159,59921.156161686,42432
489,43356,78302,32578,110202,60011.3872460593,42596
490,43415,78444,32653,110247,60102.3255535572,42745
491,43455,78585,32710,110292,60194.0220930826,42890
492,43502,78752,32749,110340,60277.8953650198,43040
493,43614,78844,32790,110376,60364.5694095716,43182
494,43715,78935,32821,110412,60457.1398245547,43301
495,43829,79075,32857,110545,60548.1119202658,43449
496,43934,79221,32909,110677,60645.9329696129,43573
497,44029,79240,32955,110732,60737.9830861798,43670
498,44163,79255,33039,110770,60828.9379141681,43784
499,44242,79361,33162,110813,60926.1631003317,43905
500,44343,79400,33243,110849,61025.1428907039,44013
501,44433,79504,33280,110889,61127.0738077251,44108
502,44486,79551,33308,110919,61224.359309048,44195
503,44587,79665,33404,110999,61319.7301149539,44294
504,44652,79744,33539,111118,61415.5154112148,44377
505,44770,79809,33663,111253,61515.2472135787,44489
506,44845,79888,33766,111372,61615.1745943562,44571
507,44894,79954,33867,111466,61716.0890040753,44641
508,44957,80052,33950,111508,61816.7840437347,44712
509,45019,80117,34079,111580,61914.6164493032,44786
510,45093,80153,34211,111678,62010.7930139421,44844
511,45178,80202,34291,111796,62103.9821461107,44914
512,45237,80334,34364,111905,62203.772912992,44980
513,45304,80380,34461,112018,62299.2637964917,45045
514,45382,80421,34517,112118,62393.671788389,45095
515,45449,80621,34615,112200,62481.9560456019,45141
516,45514,80670,34688,112267,62571.357890033,45205
517,45582,80772,34779,112343,62655.5929813449,45259
518,45681,80880,34835,112394,62738.1015738659,45302
519,45758,80970,34883,112473,62831.692856943,45351
520,45816,81026,34953,112545,62917.1818996302,45384
521,45881,81072,35031,112608,63002.4154852051,45431
522,45926,81119,35073,112659,63077.7733360274,45479
523,45999,81211,35134,112728,63151.9737367178,45534
524,46085,81247,35192,112778,63225.7993520471,45570
525,46169,81290,35244,112827,63289.73096022,45607
526,46197,81371,35294,112880,63349.9356620138,45638
527,46273,81446,35340,112939,63406.6657994197,45663
528,46352,81568,35381,112990,63469.6788240849,45706
529,46428,81665,35444,113076,63529.8973513282,45736
530,46505,81731,35573,113151,63578.8787474785,45764
531,46547,81810,35690,113272,63633.8200809266,45797
532,46597,81942,35801,113452,63684.6667672668,45831
533,46649,82056,35899,113560,63727.0243323364,45856
534,46755,82194,35964,113680,63772.5430917037,45881
535,46803,82333,35996,113822,63809.3210155308,45904
536,46879,82391,36034,113868,63853.8994229099,45927
537,47005,82428,36089,113926,63891.7346286081,45954
538,47104,82515,36120,113982,63929.4930083347,45976
539,47194,82552,36174,114043,63981.100707282,46001
540,47261,82648,36266,114146,64033.4362284402,46027
541,47327,82747,36288,114285,64082.118165337,46047
542,47380,82844,36326,114418,64136.7821916378,46070
543,47462,82924,36385,114549,64188.4106631137,46094
544,47576,82953,36454,114703,64249.2195758503,46119
545,47641,82990,36535,114856,64317.3563200416,46141
546,47724,83087,36575,114999,64384.7251969988,46160
547,47844,83223,36619,115065,64462.1482137335,46202
548,47910,83379,36658,115095,64537.6090496769,46231
549,48026,83426,36693,115132,64620.7477609012,46261
550,48091,83530,36763,115166,64695.3414545506,46299
551,48172,83596,36804,115253,64776.6496852631,46344
552,48270,83671,36842,115376,64866.2279781657,46395
553,48329,83778,36860,115512,64953.498634727,46458
554,48424,83889,36886,115664,65049.8784800003,46527
555,48542,83987,36914,115760,65148.5638856581,46610
556,48603,84095,36946,115888,65243.9676716022,46672
557,48722,84218,37019,116000,65343.9679329857,46777
558,48774,84284,37099,116035,65446.4099116097,46881
559,48862,84360,37147,116071,65554.9146039143,46981
560,48899,84405,37166,116096,65656.7171473407,47088
561,48953,84460,37181,116238,65763.9639550364,47222
562,49057,84502,37203,116465,65866.5217736865,47354
563,49119,84633,37292,116613,65973.2143653083,47500
564,49197,84692,37422,116644,66066.6207032596,47647
565,49284,84738,37484,116700,66174.921362295,47820
566,49320,84834,37558,116819,66276.1668434458,47992
567,49398,84887,37628,116866,66381.2935918128,48146
568,49481,84936,37698,116922,66480.5698743564,48339
569,49542,85032,37741,116974,66578.2235500279,48549
570,49661,85152,37777,117019,66684.6195930351,48731
571,49793,85243,37852,117096,66793.7466996399,48927
572,49895,85360,37962,117129,66898.5220846042,49131
573,50047,85402,38054,117172,66997.4583736717,49306
574,50131,85457,38086,117209,67096.2230447559,49492
575,50208,85508,38112,117244,67196.691284092,49676
576,50303,85586,38180,117279,67296.0476730216,49850
577,50331,85646,38300,117306,67396.4755811189,50039
578,50411,85699,38373,117344,67488.9671522129,50202
579,50475,85831,38500,117387,67590.0720495543,50354
580,50565,85899,38580,117437,67689.9048467197,50518
581,50676,85975,38661,117592,67792.172707522,50674
582,50765,86078,38737,117874,67890.8102341635,50810
583,50837,86143,38851,118165,67987.8687733604,50945
584,50895,86230,38885,118266,68086.3449468958,51066
585,50955,86303,38960,118340,68180.1276755912,51174
586,51030,86354,39006,118434,68283.0079749093,51296
587,51106,86464,39056,118475,68383.4657172562,51400
588,51178,86585,39196,118508,68476.7487069337,51504
589,51257,86634,39297,118529,68572.1668900703,51618
590,51310,86723,39346,118583,68669.6147714875,51722
591,51358,86823,39466,118728,68761.1053305523,51819
592,51418,86893,39580,118771,68852.8822060167,51908
593,51493,86988,39680,118807,68949.0692281562,51982
594,51550,87080,39812,118834,69032.1742016199,52079
595,51619,87202,39888,118958,69123.4371004363,52151
596,51684,87320,39961,119122,69214.2068150352,52235
597,51716,87437,40022,119231,69301.7325124437,52322
598,51743,87516,40057,119281,69381.427129765,52395
599,51777,87603,40110,119317,69465.9119012325,52456
600,51851,87692,40168,119359,69549.9816470175,52523
601,51961,87792,40233,119386,69634.764589624,52592
602,52032,87817,40281,119416,69714.0534616033,52642
603,52074,87882,40327,119447,69796.6524349078,52700
604,52108,87971,40374,119480,69878.8201953492,52745
605,52180,87990,40438,119505,69955.296215582,52804
606,52233,88020,40485,119530,70038.0886012633,52878
607,52274,88060,40542,119554,70117.0311783244,52923
608,52365,88124,40588,119785,70196.9747775454,52967
609,52422,88239,40642,120008,70270.1236664717,53013
610,52464,88263,40698,120025,70340.6906909442,53056
611,52524,88331,40766,120195,70414.3202234801,53102
612,52595,88435,40848,120295,70481.3114311451,53142
613,52640,88504,40868,120439,70550.9914800311,53182
614,52748,88607,40891,120474,70617.1113022239,53216
615,52811,88693,40910,120504,70675.995383186,53253
616,52909,88760,40947,120528,70735.9469571342,53285
617,52989,88866,41070,120550,70790.0922503542,53315
618,53047,88972,41183,120578,70835.7227902943,53349
619,53118,89071,41313,120620,70883.4786515208,53371
620,53186,89118,41383,120684,70924.9071049536,53397
621,53256,89190,41436,120767,70966.2105096306,53421
622,53320,89218,41465,120843,71003.2302559286,53443
623,53372,89302,41503,120952,71042.5824488325,53462
624,53423,89370,41519,121073,71080.2636647641,53491
625,53483,89433,41534,121194,71112.8544465305,53517
626,53593,89548,41562,121318,71153.1578123718,53532
627,53682,89580,41601,121384,71180.1215362896,53559
628,53785,89613,41628,121450,71208.4791527811,53582
629,53870,89655,41712,121513,71244.3760770856,53605
630,53970,89695,41784,121573,71271.0961881214,53635
631,54066,89767,41803,121632,71291.8539193608,53660
632,54133,89843,41830,121717,71322.1866589382,53676
633,54178,89913,41867,121758,71351.1755154435,53698
634,54247,90008,41886,121787,71378.145427015,53718
635,54299,90149,41946,122007,71415.0814283024,53736
636,54381,90342,42031,122044,71443.4991210689,53759
637,54508,90380,42117,122084,71494.4469549942,53790
638,54573,90444,42199,122275,71529.9533988776,53820
639,54674,90526,42248,122518,71585.4983351182,53848
640,54774,90679,42262,122740,71640.1033529924,53882
641,54894,90771,42362,122872,71688.0817069513,53924
642,54984,90859,42429,122900,71738.4760299019,53955
643,55061,90906,42529,122926,71805.098060827,54010
644,55151,90929,42579,122957,71867.7159542743,54055
645,55224,90962,42696,122989,71933.3909279278,54108
646,55269,91056,42776,123016,71998.8137759067,54155
647,55344,91167,42811,123106,72074.9364096988,54225
648,55404,91396,42835,123277,72152.0802699621,54303
649,55467,91470,42855,123299,72229.2607275565,54383
650,55552,91533,42884,123322,72305.5995967692,54479
651,55666,91593,42962,123344,72389.9805280537,54595
652,55775,91663,43036,123472,72476.4184561316,54698
653,55823,91691,43105,123694,72569.9460219615,54818
654,55909,91762,43163,123868,72657.5904149282,54959
655,55981,91829,43215,123908,72744.6343622072,55088
656,56042,91914,43299,123929,72836.451050044,55246
657,56130,92043,43358,123951,72931.5141140275,55415
658,56208,92120,43430,123970,73028.4304525868,55557
659,56259,92205,43522,124009,73129.9386474651,55738
660,56287,92241,43607,124126,73236.0642188531,55916
661,56335,92264,43702,124239,73346.4865245215,56112
662,56448,92309,43751,124331,73450.0277159741,56289
663,56474,92362,43857,124452,73561.9644703384,56476
664,56539,92518,43927,124486,73663.8645641419,56648
665,56568,92567,43993,124519,73765.6393957493,56829
666,56583,92620,44128,124577,73879.8283159144,56993
667,56609,92696,44212,124683,73986.4485026585,57160
668,56649,92746,44250,124787,74098.757432136,57321
669,56740,92790,44284,124875,74213.5522786994,57480
670,56831,92861,44315,124965,74331.7911034386,57642
671,56867,92938,44337,125056,74439.1413429008,57786
672,56966,92993,44363,125317,74550.6818903339,57926
673,57034,93058,44425,125420,74657.1480834847,58038
674,57075,93175,44501,125505,74760.1128249605,58164
675,57115,93359,44571,125592,74854.5381605097,58282
676,57148,93457,44656,125605,74951.8668087286,58401
677,57209,93492,44709,125625,75047.1403718795,58519
678,57315,93532,44811,125641,75135.5654887538,58628
679,57379,93637,44881,125691,75224.047072527,58714
680,57426,93708,44946,125757,75311.1099986027,58819
681,57529,93796,45001,125822,75391.842878129,58911
682,57588,93911,45055,125896,75470.1090097118,58995
683,57627,94003,45081,125968,75548.2019430564,59053
684,57697,94130,45197,126043,75631.3923567282,59133
685,57769,94202,45260,126113,75703.166437841,59208
686,57828,94306,45333,126170,75774.0302229401,59276
687,57904,94389,45399,126228,75851.5068099143,59341
688,57980,94410,45427,126289,75923.3061889419,59399
689,58022,94467,45506,126342,75991.9737563334,59470
690,58073,94489,45549,126400,76062.0083948062,59522
691,58175,94575,45598,126488,76130.6432839736,59579
692,58223,94666,45662,126630,76194.9993479499,59635
693,58275,94685,45716,126735,76263.9170973119,59678
694,58311,94743,45787,126819,76332.0914055503,59725
695,58437,94768,45855,126918,76402.2997235947,59761
696,58512,94800,45924,127042,76465.562154363,59805
697,58543,94859,45984,127180,76528.6447821151,59843
698,58668,94957,46070,127240,76592.8154008855,59879
699,58744,95012,46077,127280,76654.0892762905,59922
700,58864,95104,46097,127333,76715.7745069331,59963
701,58924,95188,46170,127416,76777.044770746,59989
702,58978,95331,46225,127544,76838.8401994812,60029
703,59038,95360,46243,127681,76900.5311799587,60060
704,59093,95419,46272,127809,76957.0177501382,60090
705,59117,95447,46297,127886,77018.7383834685,60120
706,59202,95464,46317,127943,77080.4005291444,60153
707,59330,95538,46364,128020,77142.3995439104,60179
708,59381,95675,46428,128090,77203.5202792762,60208
709,59427,95819,46484,128108,77261.0585249713,60229
710,59496,95898,46590,128114,77323.3163560906,60254
711,59605,95947,46677,128187,77378.2633265089,60277
712,59729,96031,46776,128307,77439.0189970727,60299
713,59770,96117,46864,128355,77499.7244386915,60318
714,59883,96209,46938,128399,77554.1694741105,60344
715,59945,96300,46963,128439,77610.4738286007,60362
716,60004,96393,47002,128456,77661.6541168348,60380
717,60096,96442,47054,128463,77711.8335978983,60402
718,60178,96515,47124,128470,77761.5926740662,60420
719,60222,96617,47209,128481,77802.6236694548,60437
720,60290,96641,47305,128491,77850.3100380565,60459
721,60399,96766,47437,128496,77890.6325687683,60488
722,60468,96807,47490,128505,77937.001829784,60522
723,60564,96826,47537,128514,77970.6898405393,60543
724,60695,96914,47578,128648,78009.0760388348,60571
725,60746,97013,47600,128732,78053.7767241902,60606
726,60802,97063,47620,128794,78082.9292511195,60640
727,60894,97150,47695,128954,78119.5762305902,60679
728,60976,97195,47715,129111,78167.6612435296,60720
729,61022,97252,47760,129243,78207.1985730044,60768
730,61072,97324,47811,129271,78252.549518518,60827
731,61136,97363,47860,129292,78307.2806422582,60892
732,61229,97503,47955,129325,78356.7382883367,60971
733,61298,97568,47997,129351,78419.13859786,61046
734,61366,97628,48044,129373,78483.8963390128,61120
735,61421,97673,48144,129400,78544.777646743,61218
736,61499,97728,48212,129419,78605.1773689426,61326
737,61541,97844,48246,129448,78673.9937867758,61446
738,61579,97894,48274,129482,78751.2824718708,61582
739,61647,97961,48301,129510,78827.3824635701,61715
740,61677,98042,48417,129566,78908.5739446027,61840
741,61722,98135,48428,129600,78992.9717263372,61970
742,61797,98251,48489,129631,79082.7271293612,62128
743,61852,98372,48606,129667,79175.0847799857,62264
744,61894,98501,48686,129697,79265.5711168934,62441
745,61926,98633,48718,129738,79362.331097411,62617
746,61992,98728,48744,129782,79466.6135281177,62788
747,62039,98747,48803,129828,79559.4898837642,62990
748,62122,98777,48861,129870,79659.7110757988,63152
749,62151,98869,48921,129950,79758.6856601965,63312
750,62241,98962,48966,130077,79857.4695543629,63495
751,62317,99043,49042,130108,79960.1224870994,63646
752,62356,99111,49113,130140,80059.5735758863,63801
753,62413,99212,49187,130199,80160.8696519616,63945
754,62466,99339,49293,130278,80262.8609762211,64109
755,62560,99398,49393,130322,80355.5582760734,64254
756,62648,99450,49475,130349,80442.3494549396,64380
757,62725,99511,49506,130417,80531.7594549299,64516
758,62782,99578,49538,130493,80617.6361485198,64641
759,62806,99610,49577,130572,80705.6898927271,64759
760,62888,99630,49650,130651,80790.593103664,64865
761,62953,99652,49751,130773,80871.7066739323,64975
762,63043,99703,49778,130879,80948.8900993146,65062
763,63141,99738,49860,130967,81029.4458883193,65155
764,63212,99777,49969,131096,81104.9520827018,65249
765,63275,99839,50061,131264,81178.2624398956,65335
766,63298,99911,50102,131440,81251.0099593517,65417
767,63332,99988,50146,131591,81326.280513508,65499
768,63420,100034,50180,131673,81394.9496286377,65580
769,63447,100069,50213,131809,81463.6262883632,65659
770,63516,100138,50256,131979,81535.3209181422,65723
771,63569,100163,50311,132112,81606.1583329944,65787
772,63646,100271,50340,132148,81674.0134469482,65847
773,63696,100319,50372,132175,81742.257776795,65912
774,63774,100361,50396,132198,81803.2265823196,65964
775,63820,100421,50464,132222,81867.7802411389,66031
776,63875,100488,50576,132238,81934.9367184529,66087
777,63980,100543,50684,132255,82000.8803528561,66146
778,64088,100646,50788,132294,82074.309558023,66185
779,64162,100704,50844,132455,82138.7107281015,66218
780,64267,100798,50953,132600,82207.5773209303,66257
781,64315,100918,51039,132722,82279.1110601945,66289
782,64376,100979,51119,132856,82341.8790434251,66319
783,64421,101087,51167,132982,82410.0303980455,66357
784,64475,101197,51222,133108,82477.8302995522,66396
785,64509,101236,51281,133157,82542.3153858268,66434
786,64557,101343,51327,133173,82598.8834621583,66467
787,64599,101397,51407,133189,82662.3638809817,66499
788,64677,101477,51440,133203,82723.6968950913,66525
789,64780,101515,51494,133215,82782.8225618018,66554
790,64828,101562,51559,133222,82839.7056434856,66581
791,64924,101622,51621,133330,82889.9806613251,66600
792,65031,101650,51684,133466,82943.5155091839,66632
793,65125,101736,51745,133511,82997.3152371087,66648
794,65207,101805,51830,133546,83055.8615653769,66667
795,65248,101926,51878,133567,83107.491750211,66693
796,65318,101974,51909,133614,83153.5307826411,66710
797,65371,102070,51976,133703,83203.9501994789,66729
798,65475,102182,52018,133739,83253.1618283774,66747
799,65525,102328,52064,133900,83307.9251860834,66764
800,65561,102383,52105,134005,83356.9109577662,66792
